"lsoa_code","lsoa_name","msoa_code","imd_pct","income_pct","employment_pct","education_pct","health_pct","crime_pct","barrierstohousing_pct","livingenvironment_pct"
"E01001051","Croydon 030A","E02000223",13.7,7.8,16.1,17.1,21.6,38.3,5.9,71.9
"E01001052","Croydon 030B","E02000223",10.8,5.9,9.5,16.4,23.5,30.5,5.8,79
"E01001054","Croydon 030C","E02000223",17.7,10.3,19,16,37.1,37.5,9.8,72.3
"E01001056","Croydon 030D","E02000223",9.7,4.7,8.3,11.5,17.2,36.2,12.1,75.8
"E01001057","Croydon 030E","E02000223",7.7,3,4.6,22.4,25,26.6,11.5,45.7
"E01002280","Havering 004A","E02000467",10.7,12.1,8.1,13.5,18.6,22.7,6.1,48.5
"E01002282","Havering 004B","E02000467",8.2,9.9,9.5,9.1,22.5,2.4,8.5,55.6
"E01002284","Havering 004C","E02000467",29.6,26.9,31.8,31.6,47.2,30.4,8.8,57.4
"E01002297","Havering 004D","E02000467",15.1,15.7,11.4,15.5,22.4,32.4,12.4,50.6
"E01002314","Havering 004E","E02000467",15.2,12.6,18.9,15.9,29.2,20,5.3,60.3
"E01002316","Havering 004F","E02000467",10,9.5,10.2,13,25.5,21.5,1.7,58.9
"E01004787","Bolton 013A","E02000996",0.9,0.9,0.6,9.1,1.4,1,27.4,82.5
"E01004793","Bolton 013B","E02000996",4.1,4.8,3.3,6.9,6.3,1.9,40.1,64
"E01004794","Bolton 013C","E02000996",2,1.4,1,6.7,5.6,4,41.2,67.6
"E01004795","Bolton 013D","E02000996",11,17.2,5.8,23.3,3.4,10.2,42.8,77.6
"E01004797","Bolton 013E","E02000996",8.7,10.2,6.6,10.1,10.4,4.2,62.9,39.8
"E01004990","Bury 016A","E02001034",19.7,19.8,15.7,21.3,19.9,21.4,79.3,21.8
"E01004996","Bury 016B","E02001034",4.2,8.1,4.9,8.1,2.5,2.8,61.3,14
"E01005004","Bury 016C","E02001034",0.6,2,0.3,4.8,0.2,0.4,44.4,73.5
"E01005008","Bury 016D","E02001034",5.7,8.1,4.2,12.7,6.3,2.9,58.1,20.6
"E01005009","Bury 016E","E02001034",8,12.8,6.1,14.2,10.5,3.7,69.6,9.7
"E01005202","Manchester 009A","E02001053",0.8,3,2.1,4.4,1.6,1.8,3.2,37.1
"E01005203","Manchester 009B","E02001053",0.3,0.6,0.4,12.4,0.6,0.2,3.6,42.1
"E01005227","Manchester 009D","E02001053",1.7,1.6,3.1,18.2,4.2,2.5,4.7,21.7
"E01005228","Manchester 009E","E02001053",2.3,3.1,2.9,12,3.2,1.6,7.3,59.2
"E01033678","Manchester 009F","E02001053",1.8,2.6,2.9,18.6,1.2,1.5,3.9,62.8
"E01033679","Manchester 009G","E02001053",0.6,3.1,1.3,4.2,0.6,0.8,4.9,53.4
"E01005093","Manchester 012A","E02001056",4.7,5.8,5.8,16.1,3.2,10.7,5.6,34.2
"E01005094","Manchester 012B","E02001056",2.4,4.3,6,21.1,2.7,7.4,0.7,8.7
"E01005097","Manchester 012C","E02001056",3.5,2.9,3.4,15,4.7,15.1,3,73.6
"E01005255","Manchester 012D","E02001056",0.8,2.6,1,7.3,2.6,0.5,4,42.6
"E01005261","Manchester 012E","E02001056",1.8,2.7,2.4,10.9,1.3,3.3,10.9,47.9
"E01005195","Manchester 023A","E02001067",5.7,4.1,7.2,16.6,8.7,5.1,7.1,67.1
"E01005197","Manchester 023C","E02001067",1.7,4.3,5.9,11.3,2.5,1.8,1.5,8.2
"E01005198","Manchester 023D","E02001067",4.3,2.9,5.7,13.3,4.6,12.2,5.3,65
"E01005201","Manchester 023E","E02001067",0.9,0.6,3.9,9.5,11.9,3.3,0.9,7
"E01034120","Manchester 023F","E02001067",2.7,2.2,5.1,23.9,2.1,8.9,0.5,73.3
"E01034121","Manchester 023G","E02001067",17.7,13.3,21.9,45,31.5,21.2,0.4,97.6
"E01005087","Manchester 050A","E02001094",3.1,1.9,3.6,5.3,3.1,8,43.7,68.5
"E01005088","Manchester 050B","E02001094",2,2.1,1.6,4.2,1.8,9.4,42.7,55.7
"E01005090","Manchester 050C","E02001094",1.9,2.5,2.5,5.9,0.8,3.5,36,63
"E01005091","Manchester 050D","E02001094",6.9,7.1,6.6,11.9,3,6.4,44.5,66.8
"E01005291","Manchester 050E","E02001094",1.6,2.9,1.2,7,1.7,2.4,23.4,61
"E01005383","Oldham 026A","E02001123",8.5,7.2,9.1,12.8,16.8,6.7,20.4,28.5
"E01005386","Oldham 026D","E02001123",2.4,1.7,2.4,6.7,7.2,3.2,20.1,61.1
"E01032556","Oldham 026E","E02001123",37.6,46.5,35.2,46.5,23.5,27.6,64.7,21.9
"E01032557","Oldham 026F","E02001123",0.6,0.9,1,1.5,1.9,3.7,16.5,71.6
"E01005578","Rochdale 004A","E02001135",3.7,4,5.5,5.4,3.7,10.4,17.7,30.8
"E01005579","Rochdale 004B","E02001135",2.8,0.5,7.6,2.5,8.7,9.9,18.1,45.2
"E01005586","Rochdale 004C","E02001135",1.6,1.9,3,3,3.1,1.7,19.2,65.4
"E01005593","Rochdale 004D","E02001135",18.4,21.8,19.9,23.3,18.1,9.5,10.7,88.3
"E01005595","Rochdale 004E","E02001135",1.9,6.7,1,7.2,0.6,4.9,13.3,50.8
"E01005681","Salford 024C","E02001180",5.8,11.1,13.9,1,4.5,5.5,20.4,37.1
"E01005682","Salford 024D","E02001180",0.1,0.3,0.1,1.5,0.3,0.6,16,49.9
"E01033984","Salford 024E","E02001180",5.5,6.4,6.6,15.6,4.5,3.6,15.8,40.2
"E01005729","Salford 025A","E02001181",0.8,1.7,1,6.1,0.5,1.5,44.1,31.2
"E01005730","Salford 025B","E02001181",31.3,35.3,38.6,40.4,12.5,18.6,72.1,27.8
"E01005731","Salford 025C","E02001181",7.3,7.5,6.2,12,7.3,5.7,35.2,52.8
"E01005732","Salford 025D","E02001181",12.3,12.8,9.5,20.7,6.4,11.6,55.8,47.6
"E01005753","Stockport 004A","E02001190",4,6.5,5.3,1.4,2.6,2.6,94.9,60.9
"E01005754","Stockport 004B","E02001190",0.3,0.7,0.2,0.2,0.2,0.5,88.3,84.8
"E01005755","Stockport 004C","E02001190",5,5.6,3.8,2.2,7.1,9,92.5,42.2
"E01005756","Stockport 004D","E02001190",3.9,6.2,4.2,4.5,1.1,2.3,82.4,77.6
"E01006025","Tameside 027A","E02001255",8.6,10.8,7.6,12.7,8.3,13.2,6.8,74.3
"E01006027","Tameside 027B","E02001255",11.8,13.3,9.5,16.9,9.9,13.3,12.7,87.4
"E01006050","Tameside 027C","E02001255",2,3.4,3,4.9,3,3.9,4.3,79.3
"E01006052","Tameside 027D","E02001255",3.1,6.6,3.7,4.2,5.6,2.9,7.2,61.6
"E01006350","Wigan 010A","E02001296",3.6,4.7,2.8,1.7,4.6,6.4,73.9,67.8
"E01006351","Wigan 010B","E02001296",1.6,2.4,1.8,1.3,2.1,2.2,65.3,72.2
"E01006357","Wigan 010C","E02001296",1.5,2.4,1.5,0.8,2.3,3.6,70.3,69
"E01006360","Wigan 010D","E02001296",2.2,4,2.5,0.6,3.3,2.7,58.9,83.2
"E01006361","Wigan 010E","E02001296",4.3,6.1,2.3,2.5,3.3,14.9,65.4,68.7
"E01006213","Wigan 024A","E02001310",3.5,7.2,7,3,2,1,42.3,33.8
"E01006215","Wigan 024B","E02001310",2.9,7.4,3.3,2.2,1.5,3.1,44.4,45.1
"E01006217","Wigan 024C","E02001310",23.4,29.7,18.1,22.9,16.9,12.5,61.9,59.7
"E01006218","Wigan 024D","E02001310",22.3,25.5,21.2,27.6,15.2,9.5,61.6,46
"E01006219","Wigan 024E","E02001310",37.3,49.8,31.9,39,22.3,20.8,73.6,34.4
"E01006453","Knowsley 008A","E02001334",2.5,1.9,0.8,9.1,0.8,22.2,69.9,65.7
"E01006467","Knowsley 008B","E02001334",1.1,1.5,0.3,2.1,1.2,12.2,51.4,81.1
"E01006470","Knowsley 008E","E02001334",4.3,6.6,2.3,2.2,3.1,19.6,57.8,63.7
"E01033228","Knowsley 008F","E02001334",4.8,4.8,5.4,6.7,1.6,6.7,50.9,84.6
"E01006598","Liverpool 010A","E02001356",3.3,3.5,2.1,4.2,0.9,15.7,76.2,89.3
"E01006599","Liverpool 010B","E02001356",10.3,9.4,11,5.9,4.5,13.3,71.9,94.7
"E01006672","Liverpool 010E","E02001356",4.6,3.8,3.1,7.5,2.9,18.1,71,43.3
"E01034396","Liverpool 010G","E02001356",14.8,19.3,10.5,16.3,7.7,10.7,63.7,72.3
"E01034397","Liverpool 010H","E02001356",30.6,23.5,33.3,27.4,13.7,22.6,79,99.1
"E01006540","Liverpool 024A","E02001370",0.6,2.8,0.8,4.7,0.3,1.9,62.7,6.7
"E01006563","Liverpool 024B","E02001370",0.4,0.5,0.2,3.5,0.3,1.7,68.4,32.7
"E01006647","Liverpool 024C","E02001370",2.7,2.4,1.4,12.6,0.4,11.6,55.2,74.5
"E01006693","Liverpool 024D","E02001370",2.3,2.6,0.9,14.9,0.5,9.3,51.8,54.4
"E01006690","Liverpool 028A","E02001374",4.1,9.8,4.6,8.5,1.7,6,49.4,7.5
"E01006692","Liverpool 028B","E02001374",7.6,5.6,7.2,23.4,2.2,26.5,80.8,13.8
"E01006695","Liverpool 028C","E02001374",0.5,2.5,0.4,14.2,0.5,0.2,47.6,4
"E01006759","Liverpool 028D","E02001374",8.7,15.5,10.1,30.4,3.5,2.6,89.7,4.3
"E01006760","Liverpool 028E","E02001374",0.2,1.6,0.2,7.3,0.1,0.2,65.3,2
"E01006753","Liverpool 059A","E02001405",8.1,7.7,4.8,10.6,3.3,22.1,77,62.4
"E01006754","Liverpool 059B","E02001405",2.2,4.2,1.3,4.1,0.7,8.7,42.6,68.4
"E01006755","Liverpool 059C","E02001405",1.8,2.3,1.5,3.8,0.2,10.9,67.1,50
"E01006756","Liverpool 059D","E02001405",3.9,4,2,4.2,3.3,18.8,69.5,58.4
"E01006757","Liverpool 059E","E02001405",2.5,1.5,1.8,8.8,2,9.9,62.8,51.3
"E01006758","Liverpool 059F","E02001405",6.2,4.6,1.9,10.5,5.1,36.7,76.6,56.7
"E01006845","St. Helens 014A","E02001419",22.2,25.3,20.7,20.5,8,35.5,81.5,36
"E01006870","St. Helens 014B","E02001419",10.1,18.7,10.5,16.4,5.3,7.8,95.5,4.3
"E01006872","St. Helens 014C","E02001419",1.2,3.2,1,4.8,0,4.7,83.8,18.2
"E01006873","St. Helens 014D","E02001419",0.4,1.2,0.4,1.2,0.3,2.1,81.4,42.8
"E01006874","St. Helens 014E","E02001419",0.4,3.5,0.3,0.2,0.3,0.8,76.7,27.5
"E01006967","Sefton 037A","E02001465",3.1,6.6,2.2,6,0.5,7.9,89.6,22.5
"E01007007","Sefton 037B","E02001465",0.7,1.7,0.1,4.4,0.2,2.2,88.3,41.4
"E01007008","Sefton 037C","E02001465",0.6,1.1,0.6,3,0.6,5,73.6,18.5
"E01007009","Sefton 037D","E02001465",2.4,3.8,1.8,3.4,0.1,20.2,87.6,35.8
"E01007010","Sefton 037E","E02001465",3.9,5,4.6,3,2.7,7.6,85.3,26.7
"E01007272","Wirral 008A","E02001474",0.8,1.6,1.3,3.3,0.6,7.7,98.7,5.6
"E01007273","Wirral 008B","E02001474",0.2,0.7,0.1,1.8,0.2,1.4,93.6,9.2
"E01007274","Wirral 008C","E02001474",0.4,0.1,0.1,2.6,0,6.9,93.1,35.3
"E01007277","Wirral 008D","E02001474",4.4,7.7,2.6,5.6,3.5,14.3,99.3,9.7
"E01007278","Wirral 008E","E02001474",1.4,4.5,1.2,3.8,1.8,3.9,99,3.6
"E01007127","Wirral 016B","E02001482",0.3,1.4,0.3,0.6,0.2,0.8,98.4,18.9
"E01007128","Wirral 016C","E02001482",0.3,1,0.4,3.2,0,1.3,98.7,9.9
"E01007129","Wirral 016D","E02001482",0.6,3.7,0.2,11.8,0,0.4,99.6,3.8
"E01007133","Wirral 016E","E02001482",0.2,0.1,0,0.2,0,6.2,98.3,45.7
"E01034838","Wirral 016F","E02001482",0.6,0.7,0.2,2.2,0,15.9,96.8,40.9
"E01034839","Wirral 016G","E02001482",1.4,4.5,0.5,10.1,0.1,8.1,93.6,5.5
"E01007249","Wirral 025A","E02001491",12.8,11.2,8.5,15.7,4.7,25.6,90.5,71.4
"E01007251","Wirral 025B","E02001491",59.8,60,44.6,57.5,23.3,70,96.1,75.2
"E01007257","Wirral 025C","E02001491",5.1,8.5,2.2,8.5,0.9,11,88.6,73.4
"E01007303","Wirral 025D","E02001491",4.1,4.8,2.2,8.7,0.6,16.5,76.8,66.7
"E01007304","Wirral 025E","E02001491",5,6.4,2.6,9.8,0.5,19.7,78.3,66.8
"E01007571","Doncaster 031A","E02001569",23.3,30.7,22.8,20.6,23,12.7,52.9,27.6
"E01007572","Doncaster 031B","E02001569",26.8,23.8,18.3,22,28.4,43.3,52.9,54.5
"E01007573","Doncaster 031C","E02001569",3,4.9,1.8,3.5,2.7,10.1,35.2,57.8
"E01007574","Doncaster 031D","E02001569",4.8,8,3.9,10.8,3.8,3.8,58.6,15.9
"E01007576","Doncaster 031E","E02001569",23.2,24.8,20.3,27.3,27.8,13.8,68.6,20.3
"E01007577","Doncaster 031F","E02001569",1.1,5.1,1,3.2,3.7,0.6,52.4,5.9
"E01007536","Doncaster 032A","E02001570",27.8,41.9,27.5,36.5,37.5,5.9,77.4,9.9
"E01007542","Doncaster 032B","E02001570",6.4,13.1,8.8,2.1,8.2,1.7,26.2,60.6
"E01007543","Doncaster 032C","E02001570",2.7,3.9,2.3,5.9,3,7.2,17.2,54
"E01007544","Doncaster 032D","E02001570",0.2,0.4,0.3,0.1,0.9,4.7,12.6,79.1
"E01007590","Doncaster 037A","E02001575",17.1,24.6,16.7,16.3,12.1,9.8,30.7,58
"E01007592","Doncaster 037B","E02001575",8.6,12.5,10.3,5.4,8.6,7.2,29.2,34.1
"E01007593","Doncaster 037C","E02001575",33.7,34.5,36.8,19.8,23.3,26.8,43.2,83.8
"E01007595","Doncaster 037D","E02001575",18,25.6,15.8,15.9,8.3,25.1,29.7,61.9
"E01007597","Doncaster 037E","E02001575",5.9,5.2,5.1,9.6,8.3,5.1,24.7,69.1
"E01007757","Rotherham 020A","E02001597",39.2,45.7,36.8,20.9,22.6,57.2,44,69.3
"E01007758","Rotherham 020B","E02001597",22.8,28.1,17.5,21.8,14.6,22.1,40.1,70.2
"E01007759","Rotherham 020C","E02001597",13.2,19.2,13.7,3.2,9.2,29.4,35.5,63.7
"E01007760","Rotherham 020D","E02001597",1.9,4.7,3,0.9,7.2,3.2,32.6,10.2
"E01007763","Rotherham 020E","E02001597",5.2,13.2,6.4,3.4,3.9,3.7,53.9,14.4
"E01007764","Rotherham 020F","E02001597",1.4,2.8,1.3,0.5,5.8,6.6,13,62.7
"E01008085","Sheffield 009A","E02001619",6.4,7,5.4,3.7,9.2,9.8,39,59.4
"E01008086","Sheffield 009B","E02001619",9.7,11.1,10.7,4.3,10,7.3,43.7,74
"E01008116","Sheffield 009C","E02001619",3.3,6,3.9,0.3,3.7,5.1,73.1,58.9
"E01008117","Sheffield 009D","E02001619",14.6,18.4,15.7,7.5,9.4,5.7,77.9,87.5
"E01008118","Sheffield 009E","E02001619",5.4,7.9,6.5,0.5,6.6,4.4,85.7,69.3
"E01008119","Sheffield 009F","E02001619",8.6,10.3,5.8,3.6,5.8,15.3,78.2,92.3
"E01008125","Sheffield 009G","E02001619",18.4,21.2,15.6,10,9.7,26.6,63.6,81.7
"E01008081","Sheffield 070A","E02001680",4.6,7.7,2.6,3.9,4.4,8.5,35.3,72.4
"E01008082","Sheffield 070B","E02001680",4,6.1,2.8,8.9,1.8,2.7,54.1,71.7
"E01008083","Sheffield 070C","E02001680",2.3,4,2.5,2.8,1.4,3.7,30.4,88.3
"E01008084","Sheffield 070D","E02001680",0.9,1.1,0.5,3,3.8,2.3,33.8,66.2
"E01008218","Gateshead 021A","E02001702",4.4,5.2,3.4,2.7,2.2,12.2,90.2,70
"E01008220","Gateshead 021B","E02001702",0.7,1.3,1.1,2.3,1,0.5,79.7,53.2
"E01008221","Gateshead 021C","E02001702",13.5,10.4,12.7,12.2,12.7,9.1,91.3,57.9
"E01008225","Gateshead 021D","E02001702",34.6,39.1,27.4,23.4,22.1,36.4,93.4,45.8
"E01008227","Gateshead 021E","E02001702",1,0.9,1.1,1.2,1.4,5.6,83.7,80.1
"E01008388","Newcastle upon Tyne 028A","E02001735",1.9,2.3,2.1,3.9,4,1.3,48.4,43.6
"E01008389","Newcastle upon Tyne 028B","E02001735",3.4,3.7,1.7,7.9,3.4,6.6,52.8,65.3
"E01008426","Newcastle upon Tyne 028C","E02001735",1.5,0.9,1.2,0.4,3.8,13.4,84.8,72.5
"E01008429","Newcastle upon Tyne 028D","E02001735",2.1,4.5,1.2,1.7,2.4,4.4,85.8,48.6
"E01008539","North Tyneside 027A","E02001764",58.7,56.4,42.7,55.1,33.7,53.9,85.2,76
"E01008540","North Tyneside 027B","E02001764",1.9,1.9,2,7.4,2.8,0.6,80.5,35
"E01008541","North Tyneside 027C","E02001764",12,10.8,12.4,15.5,6.9,6.2,90,47.2
"E01008544","North Tyneside 027D","E02001764",2.1,6.3,1.6,7.4,1.1,0.5,91,17.7
"E01008545","North Tyneside 027E","E02001764",2.2,4.9,1.4,11.3,0.5,0.5,86.3,49.1
"E01008593","South Tyneside 016A","E02001783",4.8,5.4,1.8,13.1,4.9,9.3,43.2,54.6
"E01008605","South Tyneside 016B","E02001783",28.5,24.5,19.1,36.7,17.1,24.9,83.6,78.9
"E01008606","South Tyneside 016C","E02001783",10.3,7.5,5.1,27.4,5.3,13.7,71.3,82.8
"E01008607","South Tyneside 016D","E02001783",2.9,2.7,0.6,16.8,2.9,7.2,49.8,69.2
"E01008609","South Tyneside 016E","E02001783",7.4,7.2,2.5,18.7,4.5,13.1,76.1,70.4
"E01008702","Sunderland 016A","E02001806",0.5,1.7,0.3,0.8,0.1,5.2,34,67.2
"E01008735","Sunderland 016B","E02001806",12.2,17.4,10.9,26.3,5.9,4.4,62.2,26.2
"E01008736","Sunderland 016C","E02001806",0.1,1.4,0,1,0.4,0.1,26.8,5.4
"E01008737","Sunderland 016D","E02001806",2.1,9,1.2,16.3,3.9,0.4,72.7,0.8
"E01008738","Sunderland 016E","E02001806",1.3,9.7,0.7,6.8,1.9,0.9,63.8,1.6
"E01008836","Sunderland 016F","E02001806",0.3,1.1,0.3,7.8,0.2,0.1,33.4,20.8
"E01008823","Sunderland 023A","E02001813",4.6,4.4,5.2,1.2,4.6,10.3,66.2,79.5
"E01008824","Sunderland 023B","E02001813",2.3,4.4,1.6,2.1,2.2,4.5,48.8,75
"E01008825","Sunderland 023C","E02001813",11,12,6,20.4,4.4,15.9,85.2,48.5
"E01008826","Sunderland 023D","E02001813",21.2,18.5,16.3,18.9,12,31.5,83.6,65
"E01008827","Sunderland 023E","E02001813",4.7,5.7,3.4,6.9,2.5,6.3,71,60.1
"E01008828","Sunderland 023F","E02001813",4.8,3.4,4.4,4,4.3,19.1,54.8,53.3
"E01008829","Sunderland 023G","E02001813",2.1,3.2,0.9,8.3,0.6,5.8,59.8,70.9
"E01009127","Birmingham 011A","E02001837",3.4,4.1,2.6,2.2,6,11.3,47.2,42.9
"E01009128","Birmingham 011B","E02001837",2.3,1.4,3.4,6.1,4.8,3.1,52.6,27.9
"E01009130","Birmingham 011C","E02001837",5.2,5.6,4.8,4.5,6,10.2,35.2,49
"E01009131","Birmingham 011D","E02001837",4.8,3.4,4.8,3.9,9.1,11.2,39.6,42
"E01009133","Birmingham 011E","E02001837",4,4.7,3,5.2,2.9,16.6,44.5,36.8
"E01009134","Birmingham 011F","E02001837",6.8,6.8,5,7.2,10.9,5.2,62.7,39
"E01009137","Birmingham 011G","E02001837",9.6,6.1,8.8,9.1,14.6,10.8,63.5,40.1
"E01009201","Birmingham 043A","E02001869",3.9,1.4,3,7.5,10.4,23.3,32.1,29.7
"E01009202","Birmingham 043B","E02001869",2.9,1.7,2.1,8.7,7.8,13.9,34.9,18.5
"E01034927","Birmingham 043D","E02001869",3.8,0.2,3,13.6,18,28.3,22.1,33.4
"E01034928","Birmingham 043E","E02001869",2.6,0,2.3,10.7,8.8,39.8,14.3,42.7
"E01009092","Birmingham 054A","E02001880",2.6,1.8,3.5,3.6,3.8,13.1,21.2,53.1
"E01009093","Birmingham 054B","E02001880",3.1,1.4,4.1,5.5,6.4,12.8,36.5,28.3
"E01009094","Birmingham 054C","E02001880",6.1,3.1,6.9,6.6,10.4,13.8,43.9,33.8
"E01009298","Birmingham 054D","E02001880",4.9,3.9,4.7,15.5,3,8,46.2,29.1
"E01009311","Birmingham 054E","E02001880",3.2,3,4.8,3.7,8.4,2.7,47.6,21.1
"E01009511","Birmingham 054F","E02001880",3.9,2,6.1,6.5,5.6,12,27.9,29.2
"E01009362","Birmingham 071A","E02001897",2.1,0.1,2.1,12,7.9,8.6,28.9,29.3
"E01009363","Birmingham 071B","E02001897",2.7,0.8,3.1,9.4,10.4,13.7,18.3,21
"E01009364","Birmingham 071C","E02001897",0.9,0.2,0.8,9.3,4.8,16,5.8,33.1
"E01009365","Birmingham 071D","E02001897",0.5,0.1,0.6,7,5,5.8,10.1,13.6
"E01009379","Birmingham 071E","E02001897",1,0.4,1.5,6,4,4.3,27.9,25.7
"E01008917","Birmingham 102A","E02001928",45.1,35.6,28.8,39.7,38.9,67.1,74.5,71.7
"E01008923","Birmingham 102B","E02001928",6.6,9.1,4.4,14.1,5.8,3.3,36,54.5
"E01008925","Birmingham 102C","E02001928",60.3,60.7,47,37.7,41.2,77.6,78.5,62.9
"E01008927","Birmingham 102D","E02001928",1.7,2.9,0.9,4.9,2.7,8,16,53.9
"E01008928","Birmingham 102E","E02001928",3,3.5,2,6.2,4.9,8.6,17.7,64.3
"E01009019","Birmingham 103A","E02001929",6.1,5.8,6.1,5.1,7.5,8.6,55.9,35.3
"E01009020","Birmingham 103B","E02001929",12.4,9,9.7,13,11.3,25.3,68.2,36.9
"E01009021","Birmingham 103C","E02001929",7.6,4.4,6.4,8.5,11.8,10.3,64.3,50.3
"E01009024","Birmingham 103D","E02001929",8.8,4.6,8.1,11.9,11,17.1,42.7,46.7
"E01009025","Birmingham 103E","E02001929",6.9,4.9,7.9,5.6,7.3,13.2,53.5,41.4
"E01009033","Birmingham 103F","E02001929",12.8,6.5,10.5,19.9,11.3,28.7,56.2,47.1
"E01008976","Birmingham 121A","E02001947",5.2,5.2,4,11.2,6,6.5,46.2,30.4
"E01008978","Birmingham 121B","E02001947",0.2,1.7,0.1,1.4,0.7,2.1,31.4,10.1
"E01008979","Birmingham 121C","E02001947",3.5,2.5,1.4,12.2,5.6,6.8,53.4,53
"E01008980","Birmingham 121D","E02001947",2,2.6,1.2,3.5,4.7,5.4,39.3,44.7
"E01009107","Birmingham 128A","E02001954",6.6,11,4.7,9.4,8.5,1.2,40.7,51.7
"E01009110","Birmingham 128B","E02001954",10.3,12,6.8,17.9,5.1,5.6,66.6,73.3
"E01009113","Birmingham 128C","E02001954",0.9,0.3,0.6,9.9,1,2,58,81.8
"E01009114","Birmingham 128D","E02001954",6.7,8.9,3.8,10,6.2,4.2,70.3,53.8
"E01009115","Birmingham 128E","E02001954",6.4,6.7,5.2,6.4,4.2,8.3,55.4,76.9
"E01009539","Coventry 039A","E02001996",3.3,7.2,2.8,13.5,0.9,2,16.4,78.4
"E01009540","Coventry 039B","E02001996",4.7,2.2,3.9,11.4,5.6,10.8,26.4,89.8
"E01009541","Coventry 039C","E02001996",6,19.7,2.3,12.1,3,6.3,28.1,30.2
"E01009542","Coventry 039D","E02001996",5.2,5.3,3.4,17.1,1.4,15.9,25.4,77.8
"E01009962","Sandwell 004A","E02002046",8.4,7.6,7.3,3.2,7.2,29.1,69,47.5
"E01009963","Sandwell 004B","E02002046",5.8,4.6,5.3,0.9,8.9,33.1,71.4,46.4
"E01009964","Sandwell 004C","E02002046",3.7,3.3,3,1.2,7.8,18.2,54.7,48.8
"E01009965","Sandwell 004D","E02002046",4.1,2.7,4.2,0.8,7.6,18.8,66.1,64.2
"E01010111","Solihull 008A","E02002088",5.9,6.4,2,11.6,6.2,9.4,60.7,66.6
"E01010126","Solihull 008B","E02002088",3.4,4.1,2.2,4.3,3.2,12.7,43.6,53.8
"E01010127","Solihull 008C","E02002088",18.7,20.7,15.1,13.1,13.7,19.9,75.1,51.4
"E01010128","Solihull 008D","E02002088",8.9,14.3,7.2,4.9,4.8,8.6,65.1,61.5
"E01010130","Solihull 008E","E02002088",3.9,7.6,3.5,3.4,1,5.8,56.4,70.9
"E01010131","Solihull 008F","E02002088",7.8,10.6,4.5,9.9,3.9,8.2,64.8,76.3
"E01010277","Walsall 013B","E02002122",13.8,9.2,13.4,8.7,18.5,17.4,78.7,46.7
"E01010283","Walsall 013D","E02002122",5,4,4.9,2.9,8.1,8,71.4,48.5
"E01033894","Walsall 013F","E02002122",4.2,1.2,3.6,8.8,5.1,9.7,74.6,82.4
"E01033895","Walsall 013G","E02002122",15.3,6.4,14.5,13.1,25.8,14,76.4,88
"E01010482","Wolverhampton 007A","E02002155",10.5,6,6.3,12,15,24.7,40.7,80.4
"E01010483","Wolverhampton 007B","E02002155",4.8,2.4,2.8,8.7,8,14.5,41.4,74
"E01010484","Wolverhampton 007C","E02002155",5,1.6,4.8,7.2,6.1,24.1,38.1,74.4
"E01010485","Wolverhampton 007D","E02002155",8.3,5.1,5.4,27.6,5.8,10.3,35.8,82
"E01010649","Bradford 027A","E02002209",18.5,21.7,22.2,12.7,18,5.4,83.5,36.6
"E01010650","Bradford 027B","E02002209",2.7,4.3,4.2,0.6,4.6,0.8,53.9,95.1
"E01010654","Bradford 027C","E02002209",2.8,5.2,4.4,1.3,3,0.5,65.8,67.4
"E01010826","Bradford 027D","E02002209",1.6,0.5,2.6,3.6,7,0.7,30.5,95.3
"E01010612","Bradford 052A","E02002234",0.1,0.2,0.2,0.1,1.5,0.1,29.2,58.8
"E01010819","Bradford 052B","E02002234",0.1,0.2,0.1,0.1,0.9,0.3,51.2,56.2
"E01010820","Bradford 052C","E02002234",0.4,1.3,0.8,0.1,2.2,0.2,58.3,50.5
"E01010821","Bradford 052D","E02002234",0.7,1,1.2,0.8,4.2,0.2,38.8,79.6
"E01010822","Bradford 052E","E02002234",0.7,2.1,1.4,0.4,0.8,1.7,62.4,53.1
"E01010914","Calderdale 002A","E02002245",21.6,20.1,15.6,26.9,21,7.6,74.4,83.9
"E01010924","Calderdale 002B","E02002245",0.6,1.8,0.4,3.5,1,1.2,19.9,69.7
"E01010925","Calderdale 002C","E02002245",5.9,9.5,4.3,5.7,11.2,5.8,13.2,60.2
"E01010926","Calderdale 002D","E02002245",0.4,0.6,0.8,2.7,2.4,0.3,7.2,81.7
"E01011656","Leeds 035A","E02002364",9.8,9.4,14.1,3.6,16.9,2.1,55.9,70.1
"E01011657","Leeds 035B","E02002364",3.5,3.4,2.8,2.6,8.4,3.7,66.7,61.1
"E01011659","Leeds 035C","E02002364",8.3,10.6,4.7,8.2,10.8,4,72.7,60
"E01011661","Leeds 035D","E02002364",1,3.1,1.7,1.5,1.3,0.4,76.5,31.9
"E01011284","Leeds 071A","E02002400",11.1,17.1,23,5.1,25.6,11,68.9,0.2
"E01011292","Leeds 071B","E02002400",3.5,7.6,4.8,0.5,12.5,1.6,77.5,12
"E01011293","Leeds 071C","E02002400",6.4,8.6,12.4,2.8,20.1,1.9,79.4,4.1
"E01011294","Leeds 071D","E02002400",4.3,11.4,4.6,9.5,0,2.1,73.6,33.2
"E01011363","Leeds 071E","E02002400",3.7,2.9,3.8,4.1,4.5,16,70.8,19.5
"E01011725","Leeds 078A","E02002407",2.1,3.1,3.5,2.5,6,0.7,67.2,17.1
"E01011729","Leeds 078B","E02002407",6.2,11.4,8,6.4,6.5,1.6,78.3,11.6
"E01011730","Leeds 078C","E02002407",7.5,7.3,7.3,7.3,16.7,3.2,54.7,30.3
"E01011735","Leeds 078D","E02002407",4.6,7.9,4.5,4.9,5.8,1.3,49.5,43.8
"E01011491","Leeds 101A","E02002430",3.8,4.8,4.2,5.6,9.3,1.2,33,34.6
"E01011492","Leeds 101B","E02002430",4.7,4.1,6.1,4.4,4.4,5.5,35.3,81.3
"E01011493","Leeds 101C","E02002430",4.8,9,7.1,5,12.6,0.9,25.1,12.9
"E01011494","Leeds 101D","E02002430",11.2,10.9,15.8,4.3,18.7,3.3,46.1,67.1
"E01011497","Leeds 101E","E02002430",3.5,4.2,5.3,2.1,7.3,1.4,27.7,82
"E01011899","Wakefield 026A","E02002463",8.7,6.9,10.7,7.2,10.1,1.8,91.1,66.3
"E01011900","Wakefield 026B","E02002463",13.4,16.8,12.8,14.1,6.9,6.9,93.9,40.8
"E01011901","Wakefield 026C","E02002463",6.1,2.7,8,2.8,7.8,13.9,97.3,59
"E01011904","Wakefield 026D","E02002463",7.6,6.9,8.3,1.9,11,5.2,97.1,81.6
"E01011918","Wakefield 026E","E02002463",30.9,27.3,32.6,19.2,20.8,19.8,87.7,75.6
"E01011922","Wakefield 026F","E02002463",3.5,7.4,4.8,2.3,1.2,1.1,88.2,66
"E01011779","Wakefield 027A","E02002464",21.4,24.9,16.5,16.9,15.6,15.6,72.1,62.9
"E01011780","Wakefield 027B","E02002464",1.3,2.1,1.1,2,1.2,4.9,56.1,69.9
"E01011781","Wakefield 027C","E02002464",25,28.6,20.6,19,13.8,20.4,88.6,62.6
"E01011782","Wakefield 027D","E02002464",47.3,51.6,44.2,25.3,42.4,33.9,70.5,56.7
"E01011783","Wakefield 027E","E02002464",30.2,35.6,28.7,28.7,15.4,19.4,81.4,43.3
"E01012015","Middlesbrough 007A","E02002502",4.3,7.7,3,4.5,2.5,4,64.3,63.9
"E01012016","Middlesbrough 007B","E02002502",0.5,2.7,0.4,1.6,1,0.2,42.4,59.7
"E01012017","Middlesbrough 007C","E02002502",13.3,26.6,8.2,16.1,7.3,6.6,73.8,34.5
"E01012089","Middlesbrough 007D","E02002502",0.2,0.7,0.2,0.2,0.3,0.5,61.9,80.3
"E01012090","Middlesbrough 007E","E02002502",1.6,3.5,1.9,0.2,2.6,3.5,57.3,61.7
"E01012091","Middlesbrough 007F","E02002502",1.1,1.5,1.1,3.3,1.1,1.3,59.7,91.9
"E01012082","Middlesbrough 010A","E02002505",7.3,6.9,5.9,5.2,8.2,8.8,48.9,81.9
"E01012083","Middlesbrough 010B","E02002505",3.6,5.9,2.7,3.6,4.6,1.4,64.6,74.4
"E01012084","Middlesbrough 010C","E02002505",1.8,2.7,1.3,1.6,3.4,3.7,48.3,76.7
"E01012085","Middlesbrough 010D","E02002505",1.4,3,1.5,2.5,1.5,0.9,39.4,79.9
"E01012377","Halton 004A","E02002577",14.6,24.7,10.8,15.5,9.2,8.5,39.3,56.8
"E01012390","Halton 004B","E02002577",25.8,29.1,17.3,33.8,17,23.8,68.9,42.4
"E01012419","Halton 004C","E02002577",6.9,7.2,4.4,10.3,4.7,14.6,28.4,83.7
"E01012420","Halton 004D","E02002577",1.3,1.8,0.7,10.7,1.1,1.3,28.2,81.2
"E01012422","Halton 004E","E02002577",8.4,12,6.6,12.8,5.1,4.5,38.3,63.6
"E01012526","Warrington 006A","E02002595",10.4,8.3,6.8,8.6,20.5,9.5,65.8,52.3
"E01012534","Warrington 006B","E02002595",15.1,17.9,10.8,15.9,11.8,8.8,64.9,64.8
"E01012535","Warrington 006C","E02002595",21.2,17.7,16.8,21.5,13.2,24.5,74.5,69
"E01012537","Warrington 006D","E02002595",14.7,15.7,10.3,15.6,13.2,12.1,68.3,48.5
"E01012539","Warrington 006E","E02002595",28.6,30.3,23.7,26.2,20.8,27.7,58.8,47.1
"E01012576","Blackburn with Darwen 008A","E02002622",10.1,9.5,15.5,5,12.6,30.7,35.6,11.2
"E01012637","Blackburn with Darwen 008B","E02002622",3.1,3.5,2,4.1,1.5,17.8,41,93
"E01012638","Blackburn with Darwen 008C","E02002622",3.2,4.7,2.3,7.3,1.2,6.3,34.2,84.5
"E01012639","Blackburn with Darwen 008D","E02002622",2.7,2.8,2.8,2,6.7,7.6,32,48.6
"E01012640","Blackburn with Darwen 008E","E02002622",11.7,13.5,15.1,9.7,17.7,9.8,58.3,7.5
"E01012641","Blackburn with Darwen 008F","E02002622",2.4,0.9,5.5,2.1,6.7,5.7,27.2,50.9
"E01012707","Blackpool 007A","E02002639",8.8,18.4,8.9,17.5,2.9,5.6,56.2,11
"E01012720","Blackpool 007B","E02002639",0.9,1,0.8,9.5,0.4,1.9,24.4,78.1
"E01012721","Blackpool 007C","E02002639",0.3,0.5,0.3,4.2,0.1,0.6,22.7,80.3
"E01012724","Blackpool 007D","E02002639",0.4,0.7,0.3,3.4,0.2,1,52.9,70.9
"E01012875","Kingston upon Hull 003A","E02002654",1.3,3.1,2.8,0.7,1.8,0.7,26,83.8
"E01012876","Kingston upon Hull 003B","E02002654",0.6,0.3,0.8,1.1,6,2,22,79.4
"E01012877","Kingston upon Hull 003C","E02002654",1.2,1.1,2.1,0.1,9.2,3.3,18.9,79.2
"E01012878","Kingston upon Hull 003D","E02002654",4.2,4.2,4.4,1.6,11.5,5.8,32.6,66.6
"E01012879","Kingston upon Hull 003E","E02002654",0.6,1.5,0.8,0.3,3.3,2.6,22.4,62
"E01012842","Kingston upon Hull 021A","E02002672",2,1.6,2.5,1.5,7.9,4.7,26.2,64.7
"E01012843","Kingston upon Hull 021B","E02002672",1.6,4.1,2.1,0.9,1.5,3,29.1,73.6
"E01012845","Kingston upon Hull 021C","E02002672",4.2,3.7,3.8,1.2,12.4,11.6,27.2,74.7
"E01012846","Kingston upon Hull 021D","E02002672",2.1,2.9,3.7,3.3,2.2,0.8,35.3,71.1
"E01012847","Kingston upon Hull 021E","E02002672",1.8,1.2,3.4,0.7,7.7,4.7,19.9,80.9
"E01012859","Kingston upon Hull 030A","E02002681",3.8,7.6,11.2,1.9,16.2,1.2,28,2.1
"E01012889","Kingston upon Hull 030B","E02002681",1.6,2.4,1.4,2.5,2.1,16.9,62.2,11.4
"E01012891","Kingston upon Hull 030C","E02002681",3.1,5.9,6,5.3,9.9,0.9,35.5,3.7
"E01012892","Kingston upon Hull 030D","E02002681",6.5,13.2,12.1,4.7,19.7,2.7,42.8,0.9
"E01012893","Kingston upon Hull 030E","E02002681",1.8,4.3,2.3,3.8,3.4,1.4,25.1,22.2
"E01012928","East Riding of Yorkshire 003A","E02002686",2.4,2.3,0.9,2,7.9,5.6,69.5,83.7
"E01012931","East Riding of Yorkshire 003B","E02002686",3.5,2.6,2.4,4.5,4.6,11.6,89.7,41
"E01012932","East Riding of Yorkshire 003C","E02002686",6.1,6.8,4.3,4.2,12.2,3.6,81.9,48.1
"E01012946","East Riding of Yorkshire 003D","E02002686",2.8,2.8,0.9,5.2,5.1,6.7,61.3,77
"E01012949","East Riding of Yorkshire 003E","E02002686",9.9,11.4,4.2,15.3,6,22.6,92.8,34.6
"E01013079","East Riding of Yorkshire 039A","E02002722",41.4,54.9,36.2,34.4,55.6,81.9,25.4,11.3
"E01013080","East Riding of Yorkshire 039B","E02002722",4.8,7.4,3.9,0.9,15.5,19.2,55.8,10.2
"E01013083","East Riding of Yorkshire 039C","E02002722",5.5,15.1,3.2,5.6,10.7,5.3,63.8,4.9
"E01013084","East Riding of Yorkshire 039D","E02002722",2.2,5.2,0.5,1.1,6.1,5.5,48.9,67
"E01013086","East Riding of Yorkshire 039E","E02002722",26.3,30.6,19.7,23.1,31,61.2,19.9,32.5
"E01013087","East Riding of Yorkshire 039F","E02002722",22.7,36.1,32.1,24.3,34.8,72.6,2.1,8.4
"E01013174","North East Lincolnshire 001A","E02002726",4.4,2.1,4.7,0.3,8.8,44.8,43.2,83.2
"E01013175","North East Lincolnshire 001B","E02002726",74.9,75.2,77.8,56.3,59.1,69.4,30.2,83.4
"E01013176","North East Lincolnshire 001C","E02002726",50.2,44.2,43.2,22,42.4,58,80.4,90.8
"E01013177","North East Lincolnshire 001D","E02002726",6.1,7.7,4.2,4.9,3.9,11.2,55.3,75.5
"E01013178","North East Lincolnshire 001E","E02002726",60.3,59.7,52.8,34.9,40.9,62.7,71.1,76.2
"E01013179","North East Lincolnshire 001F","E02002726",34.1,31.1,27.3,24.2,24.6,35.1,61.5,91.9
"E01013180","North East Lincolnshire 001G","E02002726",52.1,50.4,44.6,22.7,46.6,53,74.8,84.4
"E01013533","Derby 007A","E02002802",1.8,2.4,2.3,3.7,1.2,3.3,52.6,49.6
"E01013535","Derby 007B","E02002802",1.7,1.1,2.3,0.5,4.8,6.5,58.6,68.4
"E01013536","Derby 007C","E02002802",2.3,2.4,3.6,1.8,2.8,4.2,64.8,47
"E01013537","Derby 007D","E02002802",39.2,40.5,32.5,32.6,23.1,46.4,78.9,44.4
"E01013538","Derby 007E","E02002802",15.3,25.3,18.8,7.5,11.1,22,88,8.1
"E01013631","Leicester 026A","E02002852",10.5,11.4,13.5,6.3,20.4,2.7,28.4,56.3
"E01013632","Leicester 026B","E02002852",0.8,1.3,2.7,0.3,3.7,2.7,13.5,52.9
"E01013638","Leicester 026C","E02002852",0.5,1.6,0.8,0.1,1.6,7.8,20.4,37.3
"E01013640","Leicester 026D","E02002852",3.2,1.4,5.5,5.9,10.3,2.7,17.2,62.5
"E01013673","Leicester 036A","E02002862",10.3,8.3,11.3,6.6,14.4,16.5,19.1,72.7
"E01013674","Leicester 036B","E02002862",0.8,2.2,1,1.5,1.9,1.4,20.9,62
"E01013675","Leicester 036C","E02002862",11.3,13.1,15.3,4.3,19.6,11.4,11.5,67
"E01013676","Leicester 036D","E02002862",9.7,11.3,12.2,7.9,12.3,6.7,11,75.2
"E01013677","Leicester 036E","E02002862",8.3,12.4,8.5,9.7,6.8,7.4,12.4,63.7
"E01013817","Nottingham 011A","E02002878",2.4,1.3,2.4,9.4,5.3,5.8,20.4,47.2
"E01013818","Nottingham 011B","E02002878",1.2,0.4,0.9,4.7,4.3,7.2,19.1,78.2
"E01013822","Nottingham 011C","E02002878",5.4,4.5,4,10.2,8.2,9.2,19.5,61.2
"E01013825","Nottingham 011D","E02002878",10.1,9.7,12,7.4,14.4,11.5,27.9,33.6
"E01013826","Nottingham 011E","E02002878",4,2.1,4,10,7,9.3,18.2,59.1
"E01013954","Nottingham 021A","E02002888",10.2,3.3,14.8,25.2,3,27.4,78.7,37.4
"E01013959","Nottingham 021B","E02002888",5.3,3.1,4.4,8,7.5,17.1,30.9,52.6
"E01013960","Nottingham 021C","E02002888",5,3.7,2.7,7.8,7,8.8,57.4,71.3
"E01013962","Nottingham 021D","E02002888",14.1,13.3,11.4,22.4,11.6,11.8,62.5,33.2
"E01013992","Herefordshire 017A","E02002921",29.5,29.3,27,16.6,34.7,25.4,32,87.8
"E01013993","Herefordshire 017B","E02002921",22.7,22.1,22.2,6.4,32.1,27.1,44,87.7
"E01013994","Herefordshire 017C","E02002921",14.9,10.6,13.3,15.7,13.8,12.4,71.3,68.7
"E01013995","Herefordshire 017D","E02002921",12.3,10.9,8.7,7.3,13.5,14.2,60.1,96.1
"E01014071","Herefordshire 017E","E02002921",13.7,13.8,15.1,3.2,20.6,14.4,76,48.3
"E01014197","Telford and Wrekin 021A","E02002948",8.1,6.4,6.3,6.2,10.5,9,58.7,84
"E01014198","Telford and Wrekin 021B","E02002948",2.9,3.9,2.8,1.2,4.2,8.7,34.5,82.2
"E01014199","Telford and Wrekin 021C","E02002948",9.3,4.9,8.3,10.2,12.8,11.5,41.6,87.3
"E01014200","Telford and Wrekin 021D","E02002948",2.7,1.3,1.9,6.9,4.9,6.3,46,90.4
"E01014201","Telford and Wrekin 021E","E02002948",2,2,1.9,2.9,4.4,2.5,49,71.9
"E01014220","Stoke-on-Trent 017A","E02002967",4,4.8,4.5,2.4,2.8,5.6,51,91.6
"E01014221","Stoke-on-Trent 017B","E02002967",8.1,7,6.8,8.1,4.2,16.8,51.6,82
"E01014222","Stoke-on-Trent 017C","E02002967",3.6,4.2,4.1,1.2,3.7,6.3,54.8,91.2
"E01014223","Stoke-on-Trent 017D","E02002967",3,3.6,3,1.4,3.7,9.1,49.9,66
"E01014224","Stoke-on-Trent 017E","E02002967",2.7,3.4,3.4,2.5,1.3,7.1,51,69.9
"E01014229","Stoke-on-Trent 017F","E02002967",8,8.8,7.7,18.8,0.9,12.1,39.6,73.9
"E01014321","Stoke-on-Trent 028A","E02002978",27.6,39.5,29.1,28.6,25.2,15.3,54.5,14.7
"E01014366","Stoke-on-Trent 028B","E02002978",7.1,7.5,3.7,8.4,6.1,16.8,37.4,83.4
"E01014367","Stoke-on-Trent 028C","E02002978",8.5,7.5,7.4,14.5,4.3,9.2,32.9,92.7
"E01014368","Stoke-on-Trent 028D","E02002978",10.3,9.8,10.4,13,5.5,15,48.5,37.3
"E01014461","Bath and North East Somerset 011A","E02002995",36.4,40.4,31.9,16.9,35.5,27.4,71.7,63.4
"E01014462","Bath and North East Somerset 011B","E02002995",13.3,12.1,12.3,3,25.9,18.4,39.9,88.4
"E01014463","Bath and North East Somerset 011C","E02002995",7,14.3,4.8,1.4,4.7,13.6,51.9,85.3
"E01014464","Bath and North East Somerset 011D","E02002995",13.6,18.7,16.8,7.1,16,8.4,27.6,45.2
"E01014726","Bristol 053B","E02003064",0.8,2.2,1,0.2,1.9,0.3,73.7,81.2
"E01014727","Bristol 053C","E02003064",2.9,4.2,3.4,0.4,6.2,2.5,66.9,79.5
"E01032514","Bristol 053E","E02003064",0.6,1.3,0.7,0.1,2.9,0.6,71.4,74.7
"E01032515","Bristol 053F","E02003064",1.9,1.6,1.1,2.3,4.1,6.1,70.5,67.7
"E01014829","North Somerset 021A","E02003085",6.1,5,4.5,4.7,12.9,6.1,47.4,73.8
"E01014830","North Somerset 021B","E02003085",29.9,35.2,23.9,25.6,34.5,25.7,77.7,18.9
"E01014831","North Somerset 021C","E02003085",0.3,0.3,0.2,0.9,1.4,1,24.3,84.5
"E01014832","North Somerset 021D","E02003085",0.9,1.3,0.6,1.8,3,3.4,31.8,94
"E01014833","North Somerset 021E","E02003085",2.1,3.2,1.7,1.6,7.4,3.4,21.3,86.3
"E01015076","Plymouth 009A","E02003130",49.1,44.4,44.9,46.9,41.9,62.3,61.3,28.4
"E01015142","Plymouth 009B","E02003130",32.4,37.6,35.8,23.6,27.9,37.1,20.1,48.3
"E01015143","Plymouth 009C","E02003130",34,37.5,33.7,28.2,23.9,21.9,52.4,53.5
"E01015144","Plymouth 009D","E02003130",9.7,12.2,8.7,7.8,11.3,13.6,37.1,23.4
"E01015146","Plymouth 009E","E02003130",8.5,8.7,6.7,5,14.2,10.4,25.6,86.7
"E01015149","Plymouth 009F","E02003130",2.1,2.9,1.4,1,6,10.3,28.6,64.7
"E01015150","Plymouth 009G","E02003130",40.2,47.3,28,37.6,26.1,50.8,60.3,44
"E01015043","Plymouth 026A","E02003147",3.8,6.3,2.4,5.9,6.7,4.6,41.8,22.4
"E01015045","Plymouth 026B","E02003147",5.5,6.8,3.7,10.3,5,5.9,39.5,47.2
"E01015046","Plymouth 026C","E02003147",1.7,2.9,1.1,4.5,0.6,5.8,37.5,80.7
"E01015047","Plymouth 026D","E02003147",12.2,11.5,9.4,7.3,19.6,11.2,43.3,69.4
"E01015048","Plymouth 026E","E02003147",20.2,16.4,18,13.4,18.2,46.1,28,85.7
"E01015190","Torbay 013A","E02003166",25.4,32.7,24.3,21.7,26.5,49.7,11.6,36.1
"E01015191","Torbay 013B","E02003166",42.7,34.2,38.4,40.8,32.7,50.8,32.2,90.5
"E01015192","Torbay 013C","E02003166",17.3,18.9,12,11.4,11.2,41.4,40.8,82.9
"E01015193","Torbay 013D","E02003166",36.3,36,29.5,30.8,29.4,42.3,52.2,49.6
"E01015194","Torbay 013E","E02003166",19.1,21.7,16.2,12.8,16.7,33.6,32,53.5
"E01015196","Torbay 013G","E02003166",3.2,3.5,2.6,2.5,6.7,9.1,24.5,74.9
"E01034171","Torbay 013H","E02003166",21.4,21.8,14.4,16.9,16.4,52.5,52.5,46.5
"E01034172","Torbay 013I","E02003166",43.1,29.9,48.2,28.9,38.1,67.7,25.1,98.8
"E01015543","Swindon 003A","E02003214",31.6,30.7,26.3,14.4,37.6,23.1,72.4,76.9
"E01015544","Swindon 003B","E02003214",3.7,6,2.4,1,8,11.1,28.4,72.7
"E01015545","Swindon 003C","E02003214",2.5,2.7,1.7,1.9,10.9,8.3,18.2,72
"E01015546","Swindon 003D","E02003214",3.6,3,2.8,1.1,17.4,11.3,18.4,81
"E01015538","Swindon 016A","E02003227",9.8,9.1,7,3.5,22.5,11.7,46,79.4
"E01015572","Swindon 016B","E02003227",10.4,9.1,9.4,2.4,23.2,9.9,62.2,81.5
"E01015573","Swindon 016C","E02003227",9.9,9.1,8.3,7.6,11.6,9.7,47.3,65.9
"E01015575","Swindon 016D","E02003227",7,5.9,7.1,1.7,12.4,17.5,48.9,54.7
"E01015607","Peterborough 007A","E02003243",6.2,3.8,7.7,4.2,14.5,7.1,23.8,78.8
"E01015609","Peterborough 007B","E02003243",4.1,2.2,6.3,2.6,13.4,7.4,15,80.5
"E01015656","Peterborough 007C","E02003243",14.2,15.3,12,9.8,16,22,17.2,90.1
"E01015658","Peterborough 007E","E02003243",2,2.9,3.9,1.5,6,3.9,5.3,83.5
"E01015660","Peterborough 007F","E02003243",17.5,21.1,15.3,13.5,20.8,15.5,15.7,93.2
"E01035538","Peterborough 007G","E02003243",31,34.9,51.5,26.1,17.3,28.3,6.9,98.7
"E01035539","Peterborough 007H","E02003243",8.4,6.4,10.1,2.7,35.2,18.3,5.3,84.7
"E01015637","Peterborough 021A","E02003257",11.6,8.5,13.4,10.9,19.6,13.6,10.8,80.4
"E01015639","Peterborough 021B","E02003257",10.1,11.7,15.1,6.9,17.2,4.9,10.7,60.5
"E01015640","Peterborough 021C","E02003257",24.8,24.7,29.3,16.4,22,32.5,21.5,60.9
"E01015641","Peterborough 021D","E02003257",20.7,22.3,20.4,12.9,21.7,25.7,18.2,85.2
"E01015642","Peterborough 021E","E02003257",10.5,6.7,12.3,9,12.4,26.6,13,82.8
"E01015647","Peterborough 021F","E02003257",7.6,5.8,9.5,12.5,10.9,18.4,3.8,64.7
"E01015876","Southend-on-Sea 013A","E02003291",69.5,65.7,65.2,55.4,65.9,48,41.5,79.5
"E01015877","Southend-on-Sea 013B","E02003291",20.6,18.2,19.8,27.3,21.4,20.8,28.3,40.3
"E01015878","Southend-on-Sea 013C","E02003291",55.5,50.6,47.5,42.1,56.5,62.9,30.8,78.8
"E01015879","Southend-on-Sea 013D","E02003291",14.8,12.8,11.8,15.1,16.2,24.1,18.6,90.1
"E01015880","Southend-on-Sea 013E","E02003291",6.1,6,4.8,6.8,9.9,7,21,78.1
"E01015881","Southend-on-Sea 013F","E02003291",54,42,41.6,49.3,46.8,62.5,53.7,83.1
"E01015882","Southend-on-Sea 013G","E02003291",17.4,17.9,14.1,19.4,20.4,16.3,21.3,69.5
"E01016864","Brighton and Hove 025A","E02003515",7,9,7.5,1.9,10.8,7.4,34.6,67.5
"E01016865","Brighton and Hove 025B","E02003515",0.6,0.9,0.4,0.2,2.3,8.2,25.1,92.9
"E01016866","Brighton and Hove 025C","E02003515",1.8,1.8,2.2,0.3,4.3,6.8,44.7,93.2
"E01016867","Brighton and Hove 025D","E02003515",8.5,7.7,5.7,10.9,8,11.9,36.3,81.1
"E01016868","Brighton and Hove 025E","E02003515",0.7,1.3,0.7,0.4,0.9,8.7,29.3,85.3
"E01016895","Brighton and Hove 025F","E02003515",10.6,9.3,7.2,4.3,10.8,40.4,45.3,77.9
"E01017112","Portsmouth 001A","E02003524",6.9,11.8,10.5,0.8,7.5,7.2,37.6,46.6
"E01017115","Portsmouth 001B","E02003524",14.1,18.2,18.7,1.7,22.7,13.8,30.3,79.8
"E01017117","Portsmouth 001C","E02003524",17.3,17.8,17.7,10.5,11.6,39,26.5,69.9
"E01017119","Portsmouth 001D","E02003524",13.5,16.7,24.4,2.9,13.5,13.9,31.5,44.1
"E01017120","Portsmouth 001E","E02003524",5,8.3,5.6,3.4,6.8,4.1,27.4,40.3
"E01017236","Southampton 012A","E02003560",9.4,11.3,7.7,6.2,9.5,4.2,75.1,68.7
"E01017237","Southampton 012B","E02003560",9.2,9.2,8.7,9.5,6.1,5,79.1,62.6
"E01017239","Southampton 012C","E02003560",22.2,24.1,26.8,15.8,16.4,12.7,82.5,32.2
"E01017240","Southampton 012D","E02003560",8.8,9.5,6.4,14.1,7.4,5.9,77.1,33.5
"E01017245","Southampton 012E","E02003560",3.1,2.6,3.4,4.2,10.5,1.1,52,49.7
"E01017274","Southampton 032A","E02003580",7.3,8.3,7.9,2.3,5,13.7,54.3,83.7
"E01017277","Southampton 032B","E02003580",34.5,40.5,41.4,23.6,27,23.2,28.5,57.7
"E01017280","Southampton 032C","E02003580",7.8,14.5,7.5,2.2,8.7,5,37.6,71.1
"E01017281","Southampton 032D","E02003580",0.4,1,0.2,4.4,1.1,0.8,19.4,41.3
"E01018313","Cheshire West and Chester 031A","E02003799",43.6,42.4,33.6,34.7,29.6,56.8,57.6,65.9
"E01018314","Cheshire West and Chester 031B","E02003799",8.5,10.8,6.6,2.6,11.4,11.8,55.8,61.6
"E01018315","Cheshire West and Chester 031C","E02003799",42,46.8,30.8,33.6,23.6,39.5,77.7,69.8
"E01018316","Cheshire West and Chester 031D","E02003799",6.4,7.5,5,5,6.5,8.2,41.6,72
"E01018317","Cheshire West and Chester 031E","E02003799",4.2,4.2,3.5,6.2,3,6.1,48.1,76.6
"E01018519","Cheshire West and Chester 007A","E02003845",9.7,15,11.3,9,10.8,4.1,97.3,7.6
"E01018520","Cheshire West and Chester 007B","E02003845",15.3,15.4,17.8,14.8,20.3,2.1,96.2,35.4
"E01018525","Cheshire West and Chester 007C","E02003845",18.7,19.4,19,11.1,7.4,22.1,95.6,70.4
"E01035365","Cheshire West and Chester 007F","E02003845",16.1,16.4,18,9.7,10.4,32,68.5,27.1
"E01035366","Cheshire West and Chester 007G","E02003845",41.4,33.8,34.3,32.4,27.6,47.7,65.5,87.2
"E01035367","Cheshire West and Chester 007H","E02003845",16.3,14.6,14.9,11.9,15.5,30.7,82.4,23.5
"E01035368","Cheshire West and Chester 007I","E02003845",0.9,0.6,0.3,4,2.7,5.5,52.6,63.5
"E01019095","Allerdale 005A","E02003969",4.8,10.1,3.4,1.7,4.4,11.3,52,41.1
"E01019097","Allerdale 005B","E02003969",2.3,3.6,1.6,0.9,1.7,23.4,42.1,74.2
"E01019098","Allerdale 005C","E02003969",22.9,29.8,24.2,16.3,20.4,46.9,24.6,21.1
"E01019099","Allerdale 005D","E02003969",22.9,34.2,25,21.3,12.9,42.1,23,22.1
"E01019141","Barrow-in-Furness 008A","E02003984",3.7,12.2,4,2.7,0.9,10.1,91,8
"E01019142","Barrow-in-Furness 008B","E02003984",4.4,16.5,4.6,5.8,2.8,7,94.1,0.5
"E01019143","Barrow-in-Furness 008C","E02003984",1.4,5.3,2.5,8,0.7,2.7,80,0.8
"E01019157","Barrow-in-Furness 008D","E02003984",5.5,16.3,5.9,13,3.3,1.5,86.8,3
"E01019158","Barrow-in-Furness 008E","E02003984",3.6,10.5,4.8,12.1,0.9,5.2,87.9,1.2
"E01019193","Carlisle 009A","E02003995",9.1,11.6,10.7,3.4,7.1,2.7,90,86.4
"E01019194","Carlisle 009B","E02003995",26.2,31.1,22.9,20.2,11.1,19.8,75.9,86.8
"E01019230","Carlisle 009C","E02003995",14.8,24.7,15.6,5.8,7.8,6.2,82.9,79.5
"E01019231","Carlisle 009D","E02003995",10.4,18.2,6.7,12.7,3.8,4.7,62.6,89.4
"E01019232","Carlisle 009E","E02003995",42.4,49.4,38.5,23.2,28.8,32.8,97.6,47.8
"E01019252","Carlisle 009F","E02003995",31.3,44.1,27.6,18.2,18.9,19.8,77.3,56.7
"E01019291","Copeland 005A","E02004004",28.4,31.7,23,28.2,13.1,47.9,44.5,56.4
"E01019292","Copeland 005B","E02004004",51.2,73.1,45.3,42.9,28.9,63.2,63.9,22.1
"E01019294","Copeland 005C","E02004004",19.3,27.9,15.9,7.7,11.2,48.4,31.8,75
"E01019295","Copeland 005D","E02004004",5.8,7.6,6.1,2,4.3,22,21.1,86.4
"E01019296","Copeland 005E","E02004004",18.5,31.7,13.4,13.5,4.6,55.4,31.3,78.7
"E01019301","Copeland 005F","E02004004",0.7,1.7,0.6,2.1,0.4,4.9,21.9,95.2
"E01019302","Copeland 005G","E02004004",57.3,64.9,55.1,53.5,28.3,62.4,27.8,85.2
"E01019644","Erewash 001A","E02004078",6.3,15.3,5.9,2.3,5.3,3.4,77.4,30.2
"E01019646","Erewash 001B","E02004078",4.2,4.1,4.8,0.4,12.6,6.6,79.1,41.6
"E01019663","Erewash 001C","E02004078",0.4,1.1,0.4,0.2,1,4.5,36.1,72.1
"E01019664","Erewash 001D","E02004078",10.4,10.5,10.5,1.7,12.7,19.7,63.8,76
"E01019665","Erewash 001E","E02004078",22.5,31.3,23,12.3,18.5,10.6,83.4,39.5
"E01019796","North East Derbyshire 009A","E02004113",3.4,3.8,2.6,2.9,3.8,12.8,50.5,54.3
"E01019797","North East Derbyshire 009B","E02004113",29.6,37.6,22.6,21.4,14.4,31.5,65,73.8
"E01019799","North East Derbyshire 009C","E02004113",14.4,21.8,10.1,10.4,8.3,17.5,44.1,71.7
"E01019800","North East Derbyshire 009D","E02004113",33.1,39.1,33.5,12.5,22.3,40.2,52.8,72.2
"E01019808","North East Derbyshire 009E","E02004113",7,8.1,5.5,4,3.8,17.3,58.4,72.7
"E01019826","North East Derbyshire 009F","E02004113",21,23.5,16.7,17.6,11.6,27.8,54,65.5
"E01020551","Dorset 038A","E02004281",31,30.7,27.2,14,37.3,32.5,34.7,95.6
"E01020552","Dorset 038B","E02004281",3.1,4.9,2.9,1.4,3.8,9.9,22.6,95.5
"E01020570","Dorset 038C","E02004281",77.2,81.5,70.8,74.7,74.7,95.9,33,36.1
"E01020571","Dorset 038D","E02004281",40.5,37.1,34.8,24.3,38.3,52.8,36.4,87.2
"E01020647","County Durham 008A","E02004301",7.1,7.9,5.9,11.5,2.9,6.6,43.2,84.8
"E01020648","County Durham 008B","E02004301",20.9,22.6,19.3,16.7,12.2,16.6,50.9,87.7
"E01020649","County Durham 008C","E02004301",18.2,19.9,15.6,26.2,12.9,22.4,29.6,39.3
"E01020673","County Durham 008D","E02004301",4,7.3,2.2,5.3,1.9,12.1,73.6,31.9
"E01020675","County Durham 008E","E02004301",12.9,14.8,10.8,16.9,4,16.3,83.7,42.4
"E01020745","County Durham 032A","E02004325",1.7,4.4,0.3,9.4,0.5,0.9,96.5,59.9
"E01020753","County Durham 032B","E02004325",14.6,23,8.8,24.1,3.1,22,57.9,58.2
"E01020757","County Durham 032C","E02004325",2.9,5.7,1.5,4.1,2,1.8,95.5,75.6
"E01020758","County Durham 032D","E02004325",1,2.7,0.7,1,0.6,3.1,95.9,68.5
"E01020759","County Durham 032E","E02004325",2.8,2.2,1.1,6.4,1.1,15.3,88.9,88.6
"E01020765","County Durham 032F","E02004325",8.6,13.5,3.6,11.2,3.7,16,67.8,58.7
"E01020876","County Durham 045A","E02004349",24,23.3,18.9,32.5,14.6,29.1,59.9,39.5
"E01020878","County Durham 045B","E02004349",11.3,14.2,5.4,12.5,5.1,18.4,69.6,87.1
"E01020887","County Durham 045C","E02004349",33.2,43.5,24.7,46.5,29.4,34.1,29.6,26.2
"E01020892","County Durham 045D","E02004349",14.9,23.6,16.1,26.2,7.4,32.9,16.5,12.4
"E01020894","County Durham 045E","E02004349",14.4,24.6,12.1,18.5,8.9,18,16.9,37.4
"E01020898","County Durham 045F","E02004349",3.6,4.8,1.5,5.4,2.2,11.7,51.1,87.5
"E01021271","Basildon 013A","E02004436",2.8,3.4,4.5,1.8,13.4,1.4,11.6,60.2
"E01021302","Basildon 013B","E02004436",3.4,3.9,3.1,4.4,10.4,1.7,20,85.9
"E01021304","Basildon 013C","E02004436",6.1,10.9,5.8,1.8,8.9,5,26.8,76.5
"E01021305","Basildon 013D","E02004436",11,13.7,8.4,13.6,8.2,7,43.3,63.5
"E01021306","Basildon 013E","E02004436",7.3,8.3,6.1,7.5,7,7.3,39,62.1
"E01021286","Basildon 016A","E02004439",16.5,14.1,15.3,10.7,20.1,12.1,67.5,64.5
"E01021288","Basildon 016B","E02004439",9.1,10.3,11,3,23.4,2.9,31.5,66.8
"E01021289","Basildon 016C","E02004439",22,22.7,18,20.6,18.6,15,44.9,81.6
"E01021290","Basildon 016D","E02004439",8.4,8,8.1,3.4,10.4,8.2,50.2,89.9
"E01021291","Basildon 016E","E02004439",30.8,29.4,27.8,30.1,28.1,20.1,32.6,82.5
"E01021696","Colchester 008A","E02004513",2.8,5.3,3.2,8.3,1.2,0.9,24.7,90.1
"E01021697","Colchester 008B","E02004513",17.3,13,20.4,12.1,13.6,16.6,48.3,85.6
"E01021698","Colchester 008C","E02004513",31.4,32.2,50.2,5.8,31.8,29.2,46.9,72.7
"E01021699","Colchester 008D","E02004513",10.9,13,12.4,9,5.3,6.6,40.9,89.7
"E01021700","Colchester 008E","E02004513",4,3.5,9.5,2.3,7.4,1.2,24.2,70.1
"E01033719","Colchester 008G","E02004513",54.4,68.4,90.9,24.4,43.1,34,21.5,56.5
"E01033722","Colchester 008H","E02004513",10.5,20.2,30.8,2,6.9,2.9,32.9,27.7
"E01022819","Gosport 004A","E02004744",11.4,15.5,16.1,9.5,24.3,9.2,19.1,8.5
"E01022820","Gosport 004B","E02004744",12,18,18.2,9.7,12.7,6.2,6.6,67.7
"E01022841","Gosport 004E","E02004744",17.1,31.6,17.3,7.8,6.2,28.9,25.9,76.5
"E01022842","Gosport 004F","E02004744",39.1,39.9,44.3,31.4,37.6,39.3,13.8,74.2
"E01034060","Gosport 004H","E02004744",19.5,20.4,23.9,11,35.5,8.6,15.2,91
"E01034061","Gosport 004I","E02004744",10.2,10.7,9.9,15.7,20.1,6.1,4.6,90.8
"E01022903","Havant 008A","E02004769",8.6,10.9,7.3,4.6,15.7,4.2,33.1,75
"E01022906","Havant 008B","E02004769",13.2,11.8,12.3,4.5,19.8,16.2,49.7,78.2
"E01022968","Havant 008C","E02004769",9.3,12.1,9.3,0.6,15.3,11.9,53.2,83.5
"E01022969","Havant 008D","E02004769",8.8,6.8,9.5,1.8,13.6,16.9,55.3,81
"E01024193","Dover 011A","E02005051",7.6,10.2,5.6,6.9,10.2,7.8,22.9,67.1
"E01024194","Dover 011B","E02005051",33.5,26.5,31.8,38.6,37.5,30,46.1,34.7
"E01024195","Dover 011C","E02005051",26.2,27,22.4,14.6,33.4,39.8,19,88.3
"E01024196","Dover 011D","E02005051",3.4,6.7,3.4,2.3,8.8,2.3,11,86
"E01024197","Dover 011E","E02005051",26.9,28.6,24.7,24.5,28.7,20.5,27.7,58.2
"E01024240","Dover 011F","E02005051",5.6,6.9,5.8,1.6,13.1,6.8,21.7,79.8
"E01024241","Dover 011G","E02005051",11.9,13.4,13.8,13.4,16.2,4.5,35.9,28.5
"E01024248","Dover 011H","E02005051",11.8,10.8,9.6,14.7,17.8,6.2,32.2,61.2
"E01024390","Maidstone 013B","E02005080",19.2,14.3,21.5,16.1,28.5,11.9,24,91.7
"E01024391","Maidstone 013C","E02005080",14.4,16.9,12.7,3.4,29.3,14.1,37.3,75.7
"E01024397","Maidstone 013D","E02005080",9.2,11.7,6.6,11.3,7.5,10.4,19.5,85.2
"E01024398","Maidstone 013E","E02005080",12.9,20.5,11.3,4.4,16.5,7.9,31,83.9
"E01024399","Maidstone 013F","E02005080",24.4,21,21.5,19.4,25.9,41.1,21.9,78.1
"E01024400","Maidstone 013G","E02005080",50,52,46.4,35.9,47,38.9,41.5,61.9
"E01034995","Maidstone 013H","E02005080",16.6,14.5,17.7,16.4,39,2.7,29.7,76
"E01034996","Maidstone 013I","E02005080",1,0.5,2.1,4.1,5.2,1.1,9.9,92.8
"E01024580","Swale 006A","E02005120",2.7,16,4.2,0.1,9.1,2.6,2.4,32.2
"E01024581","Swale 006B","E02005120",11,29.2,15.7,1.3,21.1,29.5,0.2,77.8
"E01024586","Swale 006C","E02005120",29.2,48.9,35.4,15.5,37.3,23.6,7.5,53.4
"E01035300","Swale 006E","E02005120",18.8,53.8,67.4,6.4,10.5,18.4,0.3,32.7
"E01035301","Swale 006F","E02005120",22.5,44.7,35.5,8.2,20.7,27.2,2.6,81
"E01025110","Lancaster 009A","E02005229",1.4,5.5,1.8,11,1.8,0.2,69.3,1.4
"E01025116","Lancaster 009B","E02005229",17.6,33.5,14,28.8,9.8,15.1,68.1,8.6
"E01025117","Lancaster 009C","E02005229",0.4,3.3,1,2.2,1.6,0.3,73.1,0.4
"E01025120","Lancaster 009D","E02005229",8.3,14,9.3,14.4,7,3.9,80.5,5.1
"E01025236","Preston 009A","E02005261",10,10.1,10.7,6.1,12.2,2.9,77.4,64.9
"E01025283","Preston 009B","E02005261",4.1,5,5.9,1.7,3.6,5.5,38.1,81.9
"E01025284","Preston 009C","E02005261",25.9,28.3,26.6,17.6,13.9,19.1,76.8,62.8
"E01025285","Preston 009D","E02005261",19.3,16.5,19.2,17.3,14.1,20.3,83.1,37.9
"E01025286","Preston 009E","E02005261",2.8,2.9,1.9,3.1,1.7,18.7,50.1,67.4
"E01025287","Preston 009F","E02005261",3.1,6.2,3.8,5.9,1.6,0.4,57.6,53.7
"E01025493","West Lancashire 014A","E02005317",1.9,1.8,1.9,1.1,9.9,4.1,38.6,55
"E01025494","West Lancashire 014B","E02005317",3.6,4.5,4.1,0.6,8.4,11.4,47.5,33.2
"E01025503","West Lancashire 014C","E02005317",10,7,8.1,7.3,12.9,30.1,34.9,57.4
"E01025504","West Lancashire 014D","E02005317",4.6,5.2,3.9,4.7,5.7,5.4,46.1,58.5
"E01025505","West Lancashire 014E","E02005317",31.9,33.9,26.7,22,22.9,40,63.8,47.7
"E01025573","Wyre 001A","E02005319",47.1,52.3,40.9,47.1,32.9,33,97,27.8
"E01025574","Wyre 001B","E02005319",1,1.8,2.9,0.9,1.5,3.7,88.7,9.9
"E01025581","Wyre 001C","E02005319",15.3,22.8,15.4,27,10.1,17.4,94.7,3
"E01025582","Wyre 001D","E02005319",0.3,3.3,0.6,3.9,0.3,0.7,95.1,0.5
"E01025583","Wyre 001E","E02005319",4,10.1,4.2,11.8,3.5,2.5,93.4,1.7
"E01025584","Wyre 001F","E02005319",0.1,2.3,0.2,1.7,0.2,0.5,77.7,0.6
"E01026072","East Lindsey 005A","E02005428",6.1,10.4,3,2.7,5.5,35.5,22.8,75.1
"E01026073","East Lindsey 005B","E02005428",3.7,9.4,3.1,2.1,2.7,14,22.4,34.6
"E01026074","East Lindsey 005C","E02005428",6.4,15.7,3.7,1.7,7.7,21,13.8,70
"E01026099","East Lindsey 005D","E02005428",27.1,48.5,29.5,45.3,26.8,69.8,2.1,13.9
"E01026127","Lincoln 007A","E02005448",7.6,9.5,6.4,6.9,7.7,9.6,20.2,82.2
"E01026129","Lincoln 007C","E02005448",0.9,2.3,1.5,0.4,4,3.8,6.4,86.2
"E01026131","Lincoln 007D","E02005448",20.7,23.6,21,11.2,11,24.8,49.9,82.5
"E01034689","Lincoln 007E","E02005448",47.3,42.2,54.6,38.5,25.2,56.1,30.5,89.9
"E01034690","Lincoln 007F","E02005448",51,54.2,40.9,48.3,36.4,45.6,33.6,91.3
"E01026378","West Lindsey 004A","E02005495",5.7,5.4,4.9,5.9,12.7,24.8,42.9,7.9
"E01026379","West Lindsey 004B","E02005495",20.6,31.4,15.4,30.8,27.7,11.7,72.8,7.1
"E01026381","West Lindsey 004C","E02005495",15.2,15.9,9.1,14.7,21.6,24.2,41.6,39.5
"E01026382","West Lindsey 004D","E02005495",16.2,20.1,14.9,23.7,14.6,8.8,33.4,35.6
"E01026383","West Lindsey 004E","E02005495",0.1,1.8,0.3,1,2.4,0.1,40.3,0.3
"E01026384","West Lindsey 004F","E02005495",5.9,10.7,5,10.3,10.1,2.3,44.2,12
"E01026803","Norwich 004A","E02005587",20,23,20.8,5.3,18.3,34.1,35.1,89.6
"E01026804","Norwich 004B","E02005587",37,36.6,32,16.2,50.2,31.7,53.5,67.6
"E01026805","Norwich 004C","E02005587",18.4,17.9,19.6,3.8,24.4,35.2,35.7,89.5
"E01026806","Norwich 004D","E02005587",45.1,88.6,52.5,40.6,6.2,23.7,61.9,72.6
"E01026807","Norwich 004E","E02005587",29.4,27.5,30.3,24.4,28.4,26.4,48.3,38.5
"E01026808","Norwich 004F","E02005587",4.4,4.7,5.4,3.8,11.8,3.2,10.2,86
"E01026809","Norwich 004G","E02005587",9.5,15.1,6.3,6.8,7.9,12.8,22.2,85
"E01026791","Norwich 005A","E02005588",20.4,20.7,19.5,13.4,18,15.4,44.7,83.3
"E01026792","Norwich 005B","E02005588",37.8,31.2,33.8,27.5,30.7,32.7,61.9,84.6
"E01026793","Norwich 005C","E02005588",10.6,9.9,15.7,1.7,13.7,12.1,39.9,84.5
"E01026794","Norwich 005D","E02005588",39.3,30,31.6,32.5,27,62.5,52,89.9
"E01026796","Norwich 005F","E02005588",26.8,32.3,42,7.2,15.1,39.2,27.8,81.5
"E01033435","Norwich 005G","E02005588",67.6,62.4,76.7,50.5,57.4,57.7,22.5,98.8
"E01033436","Norwich 005H","E02005588",17.9,17.3,25.8,6.9,8.8,26.7,39.6,95.9
"E01026959","North Northamptonshire 007A","E02005617",24.1,24.6,25.7,8.3,18.9,21.1,84.9,77.3
"E01026960","North Northamptonshire 007B","E02005617",11.8,16.1,17.1,1,13.1,7.3,91.7,55.4
"E01026961","North Northamptonshire 007C","E02005617",14.9,17.9,16.4,2.7,12.1,19.5,85.9,69.3
"E01026965","North Northamptonshire 007D","E02005617",9.5,11.5,10.5,0.8,15.1,6.2,75.1,90.7
"E01026966","North Northamptonshire 007E","E02005617",21.5,24.2,18,7.7,25.5,17.9,78,67.7
"E01026967","North Northamptonshire 007F","E02005617",25,28,25.5,9.1,21.8,16.5,81.2,76.9
"E01026968","North Northamptonshire 007G","E02005617",3.7,5.4,5.6,0.3,6.3,2.8,59.9,68
"E01027081","North Northamptonshire 016A","E02005643",27.7,21.7,22.7,20.9,22.9,35,86.5,58.6
"E01027082","North Northamptonshire 016B","E02005643",21,20.7,21.2,15.1,21.6,17,88.9,25.5
"E01027083","North Northamptonshire 016C","E02005643",12.1,13.5,9.1,6.8,12.7,8.6,83.8,67.6
"E01027127","North Northamptonshire 016D","E02005643",5.7,8.6,5.2,2.3,7.3,2.6,80.8,64.4
"E01027128","North Northamptonshire 016E","E02005643",18,19.1,14.4,11.1,20.5,14.8,92.1,40.1
"E01028520","Oxford 018A","E02005957",15.7,16.7,19.2,5.5,27.6,12.2,18.1,92.3
"E01028568","Oxford 018B","E02005957",9.3,8.2,11.1,1.9,20.5,10.9,24.8,95.2
"E01028569","Oxford 018C","E02005957",9.3,12.1,11.1,1.6,11.7,17.9,15.9,97.9
"E01028570","Oxford 018D","E02005957",63.3,62.3,70.1,36.9,70.8,62.7,16.4,97.7
"E01029097","Sedgemoor 013A","E02006073",14.1,17.2,17.5,6.1,11.6,10.7,33.5,80.6
"E01029098","Sedgemoor 013B","E02006073",15.1,25.3,18,10,20.9,2,58.6,26.3
"E01029099","Sedgemoor 013C","E02006073",12.3,13.1,12.2,5,13.2,29.7,37.7,40.3
"E01029100","Sedgemoor 013D","E02006073",11.6,15.4,15.2,1.8,22.3,6.2,42.9,55.3
"E01029105","Sedgemoor 013E","E02006073",11.1,12.9,11.9,6.6,14.7,2,75.8,60.4
"E01029840","Tamworth 007A","E02006223",9,5.1,9.8,6.8,12.8,15.9,38,60.5
"E01029842","Tamworth 007B","E02006223",7.3,6.4,4.5,5.4,11.5,17.6,38.4,70.7
"E01029843","Tamworth 007C","E02006223",18.3,16.5,18.3,4.3,19.7,32.1,65.2,83
"E01029845","Tamworth 007D","E02006223",0.9,0.5,0.6,1.2,2.9,7.9,64,80.4
"E01029859","Tamworth 007E","E02006223",9,9.5,9.1,5.6,6.8,17.9,23.5,78.3
"E01029942","West Suffolk 001A","E02006239",56.4,69.5,80.1,31.7,73.8,66.5,10.2,32.6
"E01029944","West Suffolk 001B","E02006239",44.2,64.4,60.6,15.5,65.5,80.8,5.9,39.1
"E01034561","West Suffolk 001C","E02006239",44.3,61.8,73.5,24.2,61,93.3,4.3,18
"E01034562","West Suffolk 001D","E02006239",61,100,100,20.1,99.7,100,2.4,40.1
"E01034563","West Suffolk 001E","E02006239",59.7,95.4,99.5,26.9,78.3,99.1,0.9,61.9
"E01030160","East Suffolk 029A","E02006300",27.2,19.9,23.2,16.5,24.2,45.7,67,74
"E01030161","East Suffolk 029B","E02006300",35.1,31.9,42,16.8,28.4,43.6,60.5,43.4
"E01030168","East Suffolk 029C","E02006300",10.6,16.8,9.5,1.2,12.1,13.8,61.4,72.5
"E01030169","East Suffolk 029D","E02006300",35.1,41.5,35.6,8.2,34,58,40.6,76.1
"E01030170","East Suffolk 029E","E02006300",17.5,22.5,14,2.6,18,39.2,59.1,92.8
"E01030246","East Suffolk 004A","E02006305",7.5,8.1,8.8,12.3,14,4.3,77.7,5.3
"E01030248","East Suffolk 004B","E02006305",12.6,15.3,11.1,19.3,15.8,10,79.1,6.4
"E01030249","East Suffolk 004C","E02006305",6.8,10,6,5.7,15.4,6.1,70,7.7
"E01030250","East Suffolk 004D","E02006305",0.5,1.7,0.7,2.5,3.2,0.7,65.7,8
"E01030264","East Suffolk 004E","E02006305",9.4,10.6,8.1,7,10,15.5,69,18.4
"E01030265","East Suffolk 004F","E02006305",10.4,16.7,8.4,7.3,12.7,10.4,73.8,12.8
"E01031073","Nuneaton and Bedworth 002C","E02006476",33.7,39.4,31.5,20.9,31,23.3,50.5,53.7
"E01031074","Nuneaton and Bedworth 002D","E02006476",13.9,21.6,15.9,4.3,17.4,17.5,28.5,35
"E01031075","Nuneaton and Bedworth 002E","E02006476",13.9,16.2,15.1,3.3,24.2,11.5,41,63.9
"E01035016","Nuneaton and Bedworth 002G","E02006476",3.1,3.2,4.3,0.9,5.8,5.5,35.7,91.2
"E01035017","Nuneaton and Bedworth 002H","E02006476",32.3,43,49.5,10.5,27.5,8.6,46.6,85.1
"E01031427","Arun 004A","E02006545",6.7,9.9,7.3,2.2,12.4,13.9,9.3,64
"E01031429","Arun 004B","E02006545",6,6.6,8.6,1,20.2,16.8,5.5,68.6
"E01031430","Arun 004C","E02006545",26.2,29.3,27.3,20.9,28.7,23.7,26.4,40.6
"E01034816","Arun 004F","E02006545",36.8,30.1,46.4,31.1,32.8,47.7,14,76.7
"E01034817","Arun 004G","E02006545",59.3,53,61.2,43.2,43.9,64.2,29.3,96
"E01034818","Arun 004H","E02006545",44.8,47,51.2,29.3,33.5,55.4,22.8,66.2
"E01034819","Arun 004I","E02006545",53.1,55.5,51.3,37,50.1,43.8,25,91.2
"E01031547","Crawley 010A","E02006584",25.2,27.5,33.5,17,21.1,24.9,10.8,97.8
"E01031548","Crawley 010B","E02006584",20.5,18.7,24.7,19.9,35.7,16,5.8,92.2
"E01031549","Crawley 010C","E02006584",22,21.2,30.6,13.3,27.2,33.1,6,91.3
"E01031550","Crawley 010D","E02006584",30.9,31.4,33.7,16.9,36,37.4,14.9,84.5
"E01031569","Crawley 010E","E02006584",37.7,30.6,32.3,20.6,50.6,47.7,31.6,94.3
"E01031980","Wiltshire 052A","E02006667",41.3,33.6,41.3,27.5,46.6,38.4,27,98.6
"E01031981","Wiltshire 052B","E02006667",16.2,18.1,15.1,4.9,26,11.5,50.3,82.7
"E01031982","Wiltshire 052C","E02006667",47.2,38.2,37.5,31.2,47.2,52.2,69.3,71
"E01031983","Wiltshire 052D","E02006667",15.9,13.8,12.3,5.1,26.5,22.5,60.4,88
"E01032250","Redditch 010A","E02006730",11.1,12,14.5,1.1,12.5,15.9,67.3,72.4
"E01032251","Redditch 010B","E02006730",21.8,23.9,23.7,5.8,27.5,17.4,56.1,74.7
"E01032252","Redditch 010C","E02006730",5,6.8,3.5,1.9,6.5,10.6,49.1,72.8
"E01032254","Redditch 010D","E02006730",38.3,35.1,38.3,11.9,39.5,32.6,74.5,97.1
"E01032303","Worcester 002A","E02006735",8.6,7.9,9.8,2.1,14.7,8.9,37.2,93.6
"E01032304","Worcester 002B","E02006735",9.1,7.1,9.9,5,22.3,3.5,35.5,85.8
"E01032331","Worcester 002C","E02006735",11.5,14.5,8.5,9.4,13.5,7.4,30.4,82.8
"E01032332","Worcester 002D","E02006735",0.1,0.5,0.3,0.4,0.8,0.6,6.7,82.9
"E01032469","Wyre Forest 009A","E02006775",8.4,8.5,7.6,0.3,13,37.4,48.6,86
"E01032471","Wyre Forest 009C","E02006775",0.3,0.4,0.2,0.1,2.2,0.5,55,79.3
"E01034333","Wyre Forest 009D","E02006775",56,51.7,52.2,29.9,56.9,43.3,74.9,62.5
"E01034334","Wyre Forest 009E","E02006775",20.6,21.5,18.7,9.4,15.7,23.1,79.2,66.4
"E01013698","Leicester 037B","E02006815",25,23.5,26.7,17.7,36.1,24.8,18.8,59.6
"E01013767","Leicester 037C","E02006815",35.3,32.4,43.9,30.9,49.7,34.5,7.6,68.1
"E01013768","Leicester 037D","E02006815",14.9,21.8,15.8,14.7,13,24.1,6,59
"E01013772","Leicester 037E","E02006815",11.2,10,17.2,10.7,24.4,15.6,2.6,53.4
"E01032597","Leicester 037F","E02006815",4.8,7.2,6.8,5.4,8.6,9.2,2.4,55.9
"E01034017","Leicester 037G","E02006815",47.7,37.2,58.9,44,34.8,24.5,41.3,95.8
"E01034018","Leicester 037H","E02006815",13.5,8.8,9.9,12.7,42.9,19,13.9,80.6
"E01022919","Havant 019A","E02006830",60.4,63.2,52.7,32.6,48.3,61.9,56.1,76.1
"E01022933","Havant 019B","E02006830",3.7,5.3,3.8,0.6,11.7,4.1,29.9,82.2
"E01022934","Havant 019C","E02006830",12.4,14.1,9.6,9,20.5,5.9,30,88.4
"E01032618","Havant 019D","E02006830",61.1,49.4,58.1,42.6,71,46.2,41.7,83.7
"E01017031","Portsmouth 028A","E02006976",1.5,1.3,2.1,4.9,6.9,1.7,17.3,36.6
"E01017039","Portsmouth 028C","E02006976",5.3,4.9,6.4,8.7,9.9,5.1,22.2,28.5
"E01017040","Portsmouth 028B","E02006976",0.2,0.3,0.5,1.5,1.7,0.2,20.3,57.3
"E01012267","Stockton-on-Tees 025C","E02007060",0.7,3.4,0.9,4.4,0.4,0.6,35.3,21
"E01035197","Stockton-on-Tees 025A","E02007060",0.5,1.7,0.2,3,0.1,0.9,76.1,49.4
"E01035198","Stockton-on-Tees 025B","E02007060",39.1,39.1,47,38.6,11.7,18.4,81.7,92.1
"E01035199","Stockton-on-Tees 025D","E02007060",0.3,0.3,0.4,7.7,0.5,0,62.7,14.2
"E01008331","Newcastle upon Tyne 041A","E02007104",2.6,1.4,7.4,4,5.3,2.2,29,29.7
"E01008437","Newcastle upon Tyne 041C","E02007104",1.6,1.6,0.7,6.2,0.4,31.7,24.9,62.8
"E01008438","Newcastle upon Tyne 041B","E02007104",2.3,1.7,1.4,7.1,2.7,13.6,46.5,42.9
